<?xml version="1.0" encoding="UTF-8"?><ThemeData>
-- image value are filenames without path. It is not possible to use directories --
<XmlValue key="A-Team.png" >groupA.png</XmlValue> 
<XmlValue key="B-Team.png" >groupB.png</XmlValue> 
<XmlValue key="C-Team.png" >groupC.png</XmlValue>
<XmlValue key="D-Team.png" >groupD.png</XmlValue> 
<XmlValue key="E-Team.png" >groupE.png</XmlValue> 
<XmlValue key="F-Team.png" >groupF.png</XmlValue>
<XmlValue key="printer" >Printer.gif</XmlValue>
<XmlValue key="toothedWheel" >myZahnrad.png</XmlValue>
<XmlValue key="showMatch" >Checkmark.png</XmlValue> 
<XmlValue key="noMatch" >NoMatch.png</XmlValue>
<XmlValue key="downloadMatch" >DownloadMatch.png</XmlValue>

-- excepted Boolean values are "true" and "false" --
<XmlValue key="imagePanel.background.painted" >false</XmlValue>

-- you can define your color variables, they override ho static names --
<XmlValue key="white" >240,240,240</XmlValue>

-- You can use Java UI Defaults, but if it works it is Look and Feel dependend --
<XmlValue key="table.selection.bg" >Tree.selectionBackground</XmlValue>

-- you can use other ho color keys --
<XmlValue key="league.relegation.bg" >player.subpos.bg</XmlValue>

-- You can use following HO static colors (lightGreen,lightYellow,ho_gray1,black, white,gray,green,yellow) -- 
<XmlValue key="table.selection.fg" >lightYellow</XmlValue>

-- normal color values r,g,b --
<XmlValue key="player.skill.bg" >242,242,189</XmlValue>
<XmlValue key="player.skill.special.bg" >204,211,224</XmlValue>
</ThemeData>